"Grup";"Ref";"Parça";"Değer / model";"Adet";"Not"
"Güç katı";"V1";"DC adaptör";"Sony VGP-AC19V14 · 19.5 V / 4.7 A";"1";"91.65 W; merkez pozitif; çıkış ve polarite ölçülür"
"Güç katı";"J1";"DC giriş bağlantısı";"Sony fişine uygun, ≥5 A DC";"1";"Fiş ölçüsü fiziksel olarak doğrulanır; 5.5 × 2.1 mm varsayılmaz"
"Güç katı";"U1";"Buck modülü ve soğutucu";"XL4015 CC/CV · 4 A sürekli yük için doğrulanmış";"1";"CC nominal 3.90 A; toplam +%2 hata/ripple bütçesinde ≤3.978 A. Isıl kabul testi ve gerekirse fan; 5 A etiketi yeterli değil"
"Güç katı";"U6";"Kontrol beslemesi";"19.5 V → 7.5 V buck, ≥0.5 A";"1";"Giriş dayanımı ≥24 V; çıkış Uno Vin; ortak GND"
"Güç katı";"K1";"Röle modülü";"5 V, NO kontak ≥5 A @ en az 15 V DC";"1";"Sürücü + flyback diyodu; açılış/reset/besleme kaybında röle açık kalmalı"
"Güç katı";"F1";"Sigorta + yuva";"5 A, uygun DC kesme kapasiteli";"1";"Paket + ucuna yakın; kablo ve kısa devre hesabıyla seçilir"
"Paket";"BT1–BT3";"Li-ion hücre";"ASPİLSAN INR18650A28 · 2800 mAh";"3";"3S1P; aynı parti ve eşlenmiş kapasite/direnç; max şarj 4 A (10–50 °C üretici koşulu)"
"Paket";"—";"Hücre bağlantıları";"Puntalı nikel / ≥4 A sürekli akım için doğrulanmış yuva";"1";"Ucuz yaylı yuva ve breadboard güç yolu olarak kullanılmaz"
"Paket";"U4";"Balanslı 3S BMS";"Şarj akımı ≥4 A; deşarj ≥10 A";"1";"Gerçek ürün şarj sınırı doğrulanır; simülasyon OVP 4.25 V, UVP 2.50 V, balans 60 mA varsayar"
"Paket";"—";"Balans kablosu";"JST-XH 4 pin";"1";"H1+ / H2+ ayrıca hücre izleme devresine"
"Kontrol ve arayüz";"U2";"Mikrodenetleyici";"Arduino Uno R3";"1";"U6 ile 7.5 V → Vin; 19.5 V doğrudan verilmez"
"Kontrol ve arayüz";"LCD1";"LCD + I²C adaptörü";"16×2 HD44780 + PCF8574";"1";"SDA A4 / SCL A5; INA219 ile ortak hat; adres çakışması kontrol edilir"
"Kontrol ve arayüz";"U5A–C";"Sıcaklık sensörü";"TMP36";"3";"Her hücre yüzeyine elektriksel yalıtımlı termal temas; +5 V, ortak GND"
"Kontrol ve arayüz";"U7";"Analog çoklayıcı";"CD4051B";"1";"X0–X2 sensörler → ortak A0; S0/S1/S2 D2/D3/D4; INH,VSS,VEE GND; VDD 5 V"
"Kontrol ve arayüz";"RTA–C";"Sensör hat çekme direnci";"100 kΩ";"3";"Her TMP36 çıkışı / çoklayıcı girişi → GND; kopuk hat tanılama"
"Kontrol ve arayüz";"SW1";"Mod düğmesi";"Anlık buton";"1";"D12–GND, dahili pull-up; altı kademe / özel akım / süre seçimi"
"Kontrol ve arayüz";"RV2";"Kullanıcı ayarı";"10 kΩ lineer pot";"1";"5 V–GND, orta uç A3; akım 1.0–4.0 A / süre seçimi"
"Kontrol ve arayüz";"BZ1";"Aktif buzzer modülü";"5 V, sürücü transistörü dahil";"1";"Sinyal D10; besleme 5 V/GND"
"Kontrol ve arayüz";"LED1";"Durum LED’i";"Yeşil LED + 330 Ω seri direnç";"1";"D11; D13 için Uno üzerindeki LED kullanılır"
"XL4015 tavan ve PWM enjeksiyonu";"R_alt";"Direnç";"1.0 kΩ %1";"1";"FB → GND"
"XL4015 tavan ve PWM enjeksiyonu";"R_üst";"Direnç + ayar";"8.2 kΩ + 2 kΩ çok turlu trimpot";"1";"DMM ile 12.60 V tavan; 12.65 V hedeflenmez. Paket tavanı tek hücre koruması değildir"
"XL4015 tavan ve PWM enjeksiyonu";"D1";"Diyot";"1N4148";"1";"Düşük kaçaklı; PWM yalnızca tavanı aşağı çekebilir"
"XL4015 tavan ve PWM enjeksiyonu";"R3";"Direnç";"5.1 kΩ %1";"1";"R_üst / 1.5 − R4; gerçek kalibrasyon değerine göre kontrol"
"XL4015 tavan ve PWM enjeksiyonu";"R4";"Direnç";"1.0 kΩ";"1";"D9 10-bit PWM filtresi"
"XL4015 tavan ve PWM enjeksiyonu";"C1";"Elektrolitik kondansatör";"100 µF 16 V";"1";"τ = 0.1 s"
"Ölçüm";"U3";"Akım / bus gerilim ölçümü";"INA219";"1";"High-side; ±320 mV / 16 V bus; CurrentLSB 200 µA; CAL 4096 (0x1000); modül PCB yolu ≥4 A için doğrulanır"
"Ölçüm";"R5";"Şönt";"R050 · 0.050 Ω ≥2 W %1 veya daha iyi";"1";"Modüldeki R100 sökülüp değiştirilir; Kelvin bağlantı. 4 A → 200 mV / 0.80 W. Gerçek direnç DMM/yük ile kalibre edilir"
"Ölçüm";"RT2a/b";"H2+ bölücü";"10 kΩ %0.1 eşlenmiş";"2";"H2+ ÷2 → A2; H1+ → A1; girişler ve INA bus birlikte kalibre edilir"
"Ölçüm";"C2–C8";"Seramik kondansatör";"100 nF";"7";"TMP36 ×3, CD4051, INA219 dekuplaj; A1/A2 filtre. MUX çıkışına büyük filtre konmaz"
"Montaj";"—";"PCB / prototip kart";"4 A güç yolları için tasarlanmış";"1";"Kelvin sense ayrı; güç yolları kalın bakır/tel takviyeli; izolasyon ve BMS bağlantıları kontrol edilir"
"Montaj";"—";"Klemens";"2 pin, ≥5 A DC";"4";"Adaptör, paket, yük; kontak ısınması ölçülür"
"Montaj";"—";"Kablo";"18 AWG silikon güç + sinyal kabloları";"1";"Takım; sinyaller güç yollarından ayrı"